h,exact_choice,logit_lambda_4,logit_lambda_1_5,heterogeneous_hiddenness,n_developers,n_seeds,seed_start,seed_end
0.0000,1.0000,0.9850,0.8287,1.0000,400,8,42,49
0.0500,1.0000,0.9778,0.8091,1.0000,400,8,42,49
0.1000,1.0000,0.9722,0.7775,1.0000,400,8,42,49
0.1500,1.0000,0.9541,0.7531,1.0000,400,8,42,49
0.2000,1.0000,0.9316,0.7231,1.0000,400,8,42,49
0.2500,1.0000,0.9012,0.6931,1.0000,400,8,42,49
0.3000,1.0000,0.8591,0.6575,1.0000,400,8,42,49
0.3500,1.0000,0.8009,0.6238,1.0000,400,8,42,49
0.4000,1.0000,0.7275,0.5913,0.9209,400,8,42,49
0.4500,1.0000,0.6372,0.5528,0.7544,400,8,42,49
0.5000,1.0000,0.5431,0.5122,0.5841,400,8,42,49
0.5500,0.0000,0.4409,0.4738,0.4128,400,8,42,49
0.6000,0.0000,0.3497,0.4334,0.2556,400,8,42,49
0.6500,0.0000,0.2588,0.4031,0.0809,400,8,42,49
0.7000,0.0000,0.1869,0.3687,0.0000,400,8,42,49
0.7500,0.0000,0.1278,0.3356,0.0000,400,8,42,49
0.8000,0.0000,0.0834,0.3047,0.0000,400,8,42,49
0.8500,0.0000,0.0525,0.2659,0.0000,400,8,42,49
0.9000,0.0000,0.0347,0.2391,0.0000,400,8,42,49
0.9500,0.0000,0.0212,0.2087,0.0000,400,8,42,49
1.0000,0.0000,0.0153,0.1853,0.0000,400,8,42,49
