configuration,channel,coupling,rho,closed_form_mean,simulated_mean,standard_error,relative_difference,n_developers,n_seeds,seed_start,seed_end,deviation,hidden_compute,evaluation_effort,compute_effort
Evaluation only,evaluation,independent,0.1000000000,2.7641888035,2.6978140411,0.0461542667,0.0240123838,400,6,11,16,4.0000000000,0.0000000000,1.0000000000,0.0000000000
Compute only,compute,independent,0.1000000000,0.8939603261,0.9046655898,0.0402057700,0.0119750994,400,6,11,16,4.0000000000,0.4000000000,0.0000000000,1.0000000000
Combined: independent,combined,independent,0.1000000000,2.7641888035,2.6978140411,0.0461542667,0.0240123838,400,6,11,16,4.0000000000,0.0000000000,1.0000000000,0.0000000000
Combined: lower Frechet,combined,lower_frechet,0.1000000000,2.7641888035,2.6978140411,0.0461542667,0.0240123838,400,6,11,16,4.0000000000,0.0000000000,1.0000000000,0.0000000000
Evaluation only,evaluation,independent,0.2000000000,2.7641888035,2.7257939732,0.0236358301,0.0138900897,400,6,11,16,4.0000000000,0.0000000000,1.0000000000,0.0000000000
Compute only,compute,independent,0.2000000000,0.8939603261,0.8903560285,0.0244454268,0.0040318317,400,6,11,16,4.0000000000,0.4000000000,0.0000000000,1.0000000000
Combined: independent,combined,independent,0.2000000000,3.0403803485,2.9934565728,0.0178113780,0.0154335216,400,6,11,16,4.0000000000,0.4000000000,1.0000000000,1.0000000000
Combined: lower Frechet,combined,lower_frechet,0.2000000000,3.1137088038,3.0776437425,0.0206669357,0.0115826699,400,6,11,16,4.0000000000,0.5000000000,1.0000000000,1.0000000000
Evaluation only,evaluation,independent,0.3000000000,2.7641888035,2.7264236586,0.0186615223,0.0136622885,400,6,11,16,4.0000000000,0.0000000000,1.0000000000,0.0000000000
Compute only,compute,independent,0.3000000000,0.8939603261,0.8967830680,0.0313338814,0.0031575695,400,6,11,16,4.0000000000,0.4000000000,0.0000000000,1.0000000000
Combined: independent,combined,independent,0.3000000000,3.0403803485,3.0227104947,0.0181268963,0.0058117248,400,6,11,16,4.0000000000,0.4000000000,1.0000000000,1.0000000000
Combined: lower Frechet,combined,lower_frechet,0.3000000000,3.1268850919,3.1088687025,0.0060470370,0.0057617689,400,6,11,16,4.0000000000,0.6000000000,1.0000000000,1.0000000000
